Title,Company,Location,Apply
b'Head of Product',"b'Plume Design, Inc'","b'Palo Alto, CA'","b'Palo Alto, CA'"
b'Chief Product Officer',b'Fortanix',"b'Santa Clara, CA'","b'Santa Clara, CA'"
b'Director of Product Management',b'RSA Conference',"b'San Francisco, CA'","b'San Francisco, CA'"
b'Director of Product Management',b'GoodLeap',"b'San Mateo, CA'","b'San Mateo, CA'"
"b'Vice President, Product Management'",b'Demandbase',"b'San Francisco, CA'","b'San Francisco, CA'"
b'Category Manager',b'Hint Inc.',"b'San Francisco, CA'","b'San Francisco, CA'"
b'Chief Product Officer (Founding Team)',b'CSV Now',"b'San Francisco, CA'","b'San Francisco, CA'"
b'Head of Product',b'Truework',"b'San Francisco, CA'","b'San Francisco, CA'"
b'Head of Product',b'Baton',"b'San Francisco, CA'","b'San Francisco, CA'"
"b'Director, Product Management - Seller Fulfilled'",b'Walmart',"b'Sunnyvale, CA'","b'Sunnyvale, CA'"
"b'Director, Product Management'",b'SmithRx',"b'San Francisco, CA'","b'San Francisco, CA'"
b'Senior Director of Product',b'Attain',"b'Redwood City, CA'","b'Redwood City, CA'"
b'Assistant Store Manager',b'Crocs',"b'Livermore, CA'","b'Livermore, CA'"
"b'Director, Product Management'",b'Gap Inc.',"b'San Francisco, CA'","b'San Francisco, CA'"
"b'Director of Product & Operations, Customer Experience'",b'Grindr',"b'San Francisco, CA'","b'San Francisco, CA'"
b'Product Owner',b'Pacific Gas and Electric Company',"b'Oakland, CA'","b'Oakland, CA'"
b'Head of Risk Data',b'Gusto',b'San Francisco Bay Area',b'San Francisco Bay Area'
b'Retail Assistant Store Manager (Operations & Stockroom) - Powell St',b'Skechers',"b'San Francisco, CA'","b'San Francisco, CA'"
"b'Senior Director, Product Management'",b'Deepcell',"b'Menlo Park, CA'","b'Menlo Park, CA'"
b'Chief Product Officer',b'Storm2',b'San Francisco Bay Area',b'San Francisco Bay Area'
"b'VP, Product Management'",b'Omnicell',"b'San Francisco, CA'","b'San Francisco, CA'"
b'Category Manager',b'Reebelo',b'San Francisco Bay Area',b'San Francisco Bay Area'
b'Chief Product Officer',b'MediaLab',"b'San Francisco, CA'","b'San Francisco, CA'"
b'Head of Product',b'Nextdata',"b'San Francisco, CA'","b'San Francisco, CA'"
b'Director of Product Marketing',b'Storm3',b'San Francisco Bay Area',b'San Francisco Bay Area'
"b'Director, Product Management'",b'Tekion Corp',"b'Pleasanton, CA'","b'Pleasanton, CA'"
b'Vice President of Product',b'SamaCare',"b'San Francisco, CA'","b'San Francisco, CA'"
"b'CPO for Pleasant Hill, CA in Pleasant Hill, CA, USA'",b'Energy Jobline',"b'Pleasant Hill, CA'","b'Pleasant Hill, CA'"
"b'Vice President, Product'",b'Tonal',"b'San Francisco, CA'","b'San Francisco, CA'"
b'Chief Product Officer',b'Verily',"b'San Francisco, CA'","b'San Francisco, CA'"
b'Head of Product',b'Pryon',"b'San Francisco, CA'","b'San Francisco, CA'"
b'Vice President of Product Management',b'interface.ai',"b'San Francisco, CA'","b'San Francisco, CA'"
b'Head of Product Development (Industrial Design) - Remote US',b'GTM Brands',"b'San Francisco, CA'","b'San Francisco, CA'"
b'Director of Machine Learning',b'Forsyth Barnes',"b'San Francisco County, CA'","b'San Francisco County, CA'"
"b'District Manager - San Francisco, CA'","b'Mannington Mills, Inc.'","b'San Francisco, CA'","b'San Francisco, CA'"
b'Category Manager',"b'Daylight Foods, Inc.'","b'Union City, CA'","b'Union City, CA'"
"b'Director of Product Management, Addressability'",b'PubMatic',"b'Redwood City, CA'","b'Redwood City, CA'"
b'Director of Sales',b'Aivres',"b'Milpitas, CA'","b'Milpitas, CA'"
"b'Director, Product Management'",b'Supermicro',"b'San Jose, CA'","b'San Jose, CA'"
b'Product owner',b'BVS',"b'Palo Alto, CA'","b'Palo Alto, CA'"
b'Director of Product (Autonomy & Digital)',b'Monarch Tractor',"b'Livermore, CA'","b'Livermore, CA'"
b'Director of Product Management - eCommerce',b'Gap Inc.',"b'San Francisco, CA'","b'San Francisco, CA'"
"b'Vice President, Industrial Automation Product Management'",b'Quanergy Solutions Inc.',"b'San Jose, CA'","b'San Jose, CA'"
"b'Retail Store Manager, San Francisco Premium Outlet'",b'Vuori',"b'Livermore, CA'","b'Livermore, CA'"
"b'Director, Product Management - Search Personalization'",b'SiriusXM',"b'Oakland, CA'","b'Oakland, CA'"
b'Product Management Graduate',b'Hewlett Packard Enterprise',"b'San Jose, CA'","b'San Jose, CA'"
b'Head of Product Management',b'SymphonyAI Summit',"b'Palo Alto, CA'","b'Palo Alto, CA'"
b'Store Manager',b'Bluemercury',"b'Mill Valley, CA'","b'Mill Valley, CA'"
"b'Group Director, Product Management'",b'Walmart',"b'Sunnyvale, CA'","b'Sunnyvale, CA'"
b'Sr. R&D Manager',b'OLIPOP PBC',"b'Oakland, CA'","b'Oakland, CA'"
Title,Company,Location,Apply
b'Director of Product Management - Performance',b'Moloco',"b'Redwood City, CA'","b'Redwood City, CA'"
b'Head of Product',b'Truework',"b'San Francisco, CA'","b'San Francisco, CA'"
"b'Sr. Director, Product Management'",b'Workday',"b'Pleasanton, CA'","b'Pleasanton, CA'"
"b'Director, Product Management'",b'Walmart',"b'Sunnyvale, CA'","b'Sunnyvale, CA'"
"b'Product Manager, Ads CRM'",b'TikTok',"b'San Jose, CA'","b'San Jose, CA'"
b'Head of Product',b'Baton',"b'San Francisco, CA'","b'San Francisco, CA'"
"b'Director, Product Management - Seller Fulfilled'",b'Walmart',"b'Sunnyvale, CA'","b'Sunnyvale, CA'"
"b'Director, Product Management - Telehealth'",b'23andMe',"b'Sunnyvale, CA'","b'Sunnyvale, CA'"
"b'Director, Product Management'",b'SmithRx',"b'San Francisco, CA'","b'San Francisco, CA'"
b'Senior Director of Product',b'Attain',"b'Redwood City, CA'","b'Redwood City, CA'"
b'Consumer Insights Manager',b'Roku Inc.',"b'San Jose, CA'","b'San Jose, CA'"
"b'Director of Product Management, Automation'",b'Attentive',"b'San Francisco, CA'","b'San Francisco, CA'"
"b'Director of Product Management, Slack AI - Slack'",b'Slack',"b'San Francisco, CA'","b'San Francisco, CA'"
"b'Head of Product, Identity & Limits'",b'Cash App',"b'San Francisco, CA'","b'San Francisco, CA'"
"b'Director, Product Management'",b'Gap Inc.',"b'San Francisco, CA'","b'San Francisco, CA'"
"b'Director, Portfolio & Product Strategy'",b'4D Molecular Therapeutics',"b'Emeryville, CA'","b'Emeryville, CA'"
"b'Director of Product & Operations, Customer Experience'",b'Grindr',"b'San Francisco, CA'","b'San Francisco, CA'"
b'Product Owner',b'Pacific Gas and Electric Company',"b'Oakland, CA'","b'Oakland, CA'"
b'Retail Assistant Store Manager (Operations & Stockroom) - Powell St',b'Skechers',"b'San Francisco, CA'","b'San Francisco, CA'"
"b'Senior Director, Product Management'",b'Deepcell',"b'Menlo Park, CA'","b'Menlo Park, CA'"
"b'Director of Product, Platform'",b'BetterUp',"b'San Francisco, CA'","b'San Francisco, CA'"
b'Chief Product Officer',b'Storm2',b'San Francisco Bay Area',b'San Francisco Bay Area'
b'VP of Product',b'Course Hero',"b'Redwood City, CA'","b'Redwood City, CA'"
"b'VP, Product Management'",b'Omnicell',"b'San Francisco, CA'","b'San Francisco, CA'"
